,Title,Image URL
0,Maruti Suzuki Alto K10,https://imgd-ct.aeplcdn.com/393x221/n/cw/ec/128760/new-alto-k10-right-front-three-quarter-2.jpeg?isig=0&q=80
1,Maruti Suzuki S-Presso,https://imgd-ct.aeplcdn.com/393x221/n/cw/ec/126467/s-presso-right-front-three-quarter.jpeg?isig=0&q=80
2,Maruti Suzuki Eeco,https://imgd-ct.aeplcdn.com/393x221/n/cw/ec/135525/eeco-right-front-three-quarter.jpeg?isig=0&q=80
3,Maruti Suzuki Celerio,https://imgd-ct.aeplcdn.com/393x221/n/cw/ec/106985/right-front-three-quarter-2.jpeg?isig=0&q=80
4,Maruti Suzuki Wagon R,https://imgd-ct.aeplcdn.com/393x221/n/cw/ec/112949/wagon-r-2022-right-front-three-quarter.jpeg?isig=0&q=80
5,Maruti Suzuki Ignis,https://imgd-ct.aeplcdn.com/393x221/n/cw/ec/142925/ignis-right-front-three-quarter.jpeg?isig=0&q=80
6,Maruti Suzuki Swift,https://imgd-ct.aeplcdn.com/393x221/n/cw/ec/159231/swift-right-front-three-quarter.jpeg?isig=0&q=80
7,Maruti Suzuki Dzire,https://imgd-ct.aeplcdn.com/393x221/n/cw/ec/45691/marutisuzuki-dzire-right-front-three-quarter8.jpeg?q=80
8,Maruti Suzuki Baleno,https://imgd-ct.aeplcdn.com/393x221/n/cw/ec/112723/baleno-right-front-three-quarter-2.jpeg?isig=0&q=80
9,Maruti Suzuki Fronx,https://imgd-ct.aeplcdn.com/393x221/n/cw/ec/130635/fronx-right-front-three-quarter-2.jpeg?isig=0&q=80
10,Maruti Suzuki Vitara Brezza,https://imgd-ct.aeplcdn.com/393x221/n/cw/ec/107807/brezza-right-front-three-quarter-2.jpeg?isig=0&q=80
11,Maruti Suzuki Ertiga,https://imgd-ct.aeplcdn.com/393x221/n/cw/ec/115823/ertiga-right-front-three-quarter-3.jpeg?isig=0&q=80
12,Maruti Suzuki Ciaz,https://imgd-ct.aeplcdn.com/393x221/n/cw/ec/48542/ciaz-exterior-right-front-three-quarter-2.jpeg?q=80
13,Maruti Suzuki Grand Vitara,https://imgd-ct.aeplcdn.com/393x221/n/cw/ec/130961/grand-vitara-right-front-three-quarter-3.jpeg?isig=0&q=80
14,Maruti Suzuki XL6,https://imgd-ct.aeplcdn.com/393x221/n/cw/ec/116203/2022-xl6-right-front-three-quarter-3.jpeg?isig=0&q=80
15,Maruti Suzuki Jimny,https://imgd-ct.aeplcdn.com/393x221/n/cw/ec/130619/jimny-right-front-three-quarter-3.jpeg?isig=0&q=80
16,Maruti Suzuki Invicto,https://imgd-ct.aeplcdn.com/393x221/n/cw/ec/147215/invicto-right-front-three-quarter-2.jpeg?isig=0&q=80
17,Tata Curvv EV,https://imgd-ct.aeplcdn.com/393x221/n/cw/ec/116207/curvv-ev-right-front-three-quarter-2.jpeg?isig=0&q=80
18,Tata Tiago,https://imgd-ct.aeplcdn.com/393x221/n/cw/ec/112763/tiago-right-front-three-quarter-2.jpeg?isig=0&q=80
19,Tata Punch,https://imgd-ct.aeplcdn.com/393x221/n/cw/ec/100917/punch-right-front-three-quarter.jpeg?isig=0&q=80
20,Tata Tigor,https://imgd-ct.aeplcdn.com/393x221/n/cw/ec/128728/tigor-right-front-three-quarter.png?isig=0&q=80
21,Tata Altroz,https://imgd-ct.aeplcdn.com/393x221/n/cw/ec/182723/altroz-right-front-three-quarter.jpeg?isig=0&q=80
22,Tata Tiago NRG,https://imgd-ct.aeplcdn.com/393x221/n/cw/ec/99113/tiago-nrg-bs6-exterior-right-front-three-quarter.jpeg?isig=0&q=80
23,Tata Tiago EV,https://imgd-ct.aeplcdn.com/393x221/n/cw/ec/107813/tiago-ev-right-front-three-quarter-2.jpeg?isig=0&q=80
24,Tata Nexon,https://imgd-ct.aeplcdn.com/393x221/n/cw/ec/141873/nexon-facelift-right-front-three-quarter-2.jpeg?isig=0&q=80
25,Tata Punch EV,https://imgd-ct.aeplcdn.com/393x221/n/cw/ec/148367/punch-ev-right-front-three-quarter-2.jpeg?isig=0&q=80
26,Tata Tigor EV,https://imgd-ct.aeplcdn.com/393x221/n/cw/ec/135747/tigor-ev-right-front-three-quarter.jpeg?isig=0&q=80
27,Tata Nexon EV,https://imgd-ct.aeplcdn.com/393x221/n/cw/ec/149311/nexon-ev-right-front-three-quarter-3.jpeg?isig=0&q=80
28,Tata Harrier,https://imgd-ct.aeplcdn.com/393x221/n/cw/ec/139245/harrier-facelift-right-front-three-quarter-4.jpeg?isig=0&q=80
29,Tata Safari,https://imgd-ct.aeplcdn.com/393x221/n/cw/ec/138899/safari-facelift-right-front-three-quarter-2.jpeg?isig=0&q=80
30,Honda Amaze,https://imgd-ct.aeplcdn.com/393x221/n/cw/ec/182719/amaze-right-front-three-quarter.jpeg?isig=0&q=80
31,Honda Elevate,https://imgd-ct.aeplcdn.com/393x221/n/cw/ec/142517/elevate-right-front-three-quarter-4.jpeg?isig=0&q=80
32,Honda City,https://imgd-ct.aeplcdn.com/393x221/n/cw/ec/143279/city-right-front-three-quarter-4.jpeg?isig=0&q=80
33,Honda City Hybrid eHEV,https://imgd-ct.aeplcdn.com/393x221/n/cw/ec/143277/city-hybrid-right-front-three-quarter-2.jpeg?isig=0&q=80
34,Hyundai Grand i10 Nios,https://imgd-ct.aeplcdn.com/393x221/n/cw/ec/136189/grand-i10-nios-right-front-three-quarter-2.jpeg?isig=0&q=80
35,Hyundai Exter,https://imgd-ct.aeplcdn.com/393x221/n/cw/ec/148597/exter-right-front-three-quarter-2.jpeg?isig=0&q=80
36,Hyundai Aura,https://imgd-ct.aeplcdn.com/393x221/n/cw/ec/139201/aura-2023-right-front-three-quarter.jpeg?isig=0&q=80
37,Hyundai i20,https://imgd-ct.aeplcdn.com/393x221/n/cw/ec/150749/i20-facelift-right-front-three-quarter.jpeg?isig=0&q=80
38,Hyundai Venue,https://imgd-ct.aeplcdn.com/393x221/n/cw/ec/141147/venue-right-front-three-quarter.jpeg?isig=0&q=80
39,Hyundai i20 N Line,https://imgd-ct.aeplcdn.com/393x221/n/cw/ec/158205/i20-n-line-right-front-three-quarter-2.jpeg?isig=0&q=80
40,Hyundai Creta,https://imgd-ct.aeplcdn.com/393x221/n/cw/ec/107917/creta-right-front-three-quarter.jpeg?isig=0&q=80
41,Hyundai Verna,https://imgd-ct.aeplcdn.com/393x221/n/cw/ec/123081/new-verna-right-front-three-quarter.jpeg?isig=0&q=80
42,Hyundai Venue N Line,https://imgd-ct.aeplcdn.com/393x221/n/cw/ec/142675/venue-n-line-right-front-three-quarter.jpeg?isig=0&q=80
43,Hyundai Alcazar,https://imgd-ct.aeplcdn.com/393x221/n/cw/ec/142529/alcazar-right-front-three-quarter.jpeg?isig=0&q=80
44,Hyundai Creta N Line,https://imgd-ct.aeplcdn.com/393x221/n/cw/ec/168765/creta-n-line-right-front-three-quarter.png?isig=0&q=80
45,Hyundai Tucson,https://imgd-ct.aeplcdn.com/393x221/n/cw/ec/128163/tucson-right-front-three-quarter.jpeg?isig=0&q=80
46,Hyundai Ioniq 5,https://imgd-ct.aeplcdn.com/393x221/n/cw/ec/111009/ioniq-5-right-front-three-quarter-3.jpeg?isig=0&q=80
47,Mahindra Thar Roxx,https://imgd-ct.aeplcdn.com/393x221/n/cw/ec/126985/thar-roxx-right-front-three-quarter-2.jpeg?isig=0&q=80
48,Mahindra XUV30O,https://imgd-ct.aeplcdn.com/393x221/n/cw/ec/156763/xuv-3xo-right-front-three-quarter-2.jpeg?isig=0&q=80
49,Mahindra Bolero,https://imgd-ct.aeplcdn.com/393x221/n/cw/ec/131183/bolero-right-front-three-quarter.jpeg?isig=0&q=80
50,Mahindra Bolero Neo,https://imgd-ct.aeplcdn.com/393x221/n/cw/ec/131187/bolero-neo-right-front-three-quarter.jpeg?isig=0&q=80
51,Mahindra Thar,https://imgd-ct.aeplcdn.com/393x221/n/cw/ec/148477/thar-right-front-three-quarter-5.jpeg?isig=0&q=80
52,Mahindra Bolero Neo Plus,https://imgd-ct.aeplcdn.com/393x221/n/cw/ec/123753/bolero-neo-plus-right-front-three-quarter.png?isig=0&q=80
53,Mahindra Scorpio,https://imgd-ct.aeplcdn.com/393x221/n/cw/ec/128762/scorpio-classic-right-front-three-quarter-2.jpeg?isig=0&q=80
54,Mahindra Scorpio N,https://imgd-ct.aeplcdn.com/393x221/n/cw/ec/123075/scorpio-n-right-front-three-quarter-5.jpeg?isig=0&q=80
55,Mahindra XUV700,https://imgd-ct.aeplcdn.com/393x221/n/cw/ec/166487/xuv700-right-front-three-quarter-2.jpeg?isig=0&q=80
56,Mahindra Marazzo,https://imgd-ct.aeplcdn.com/393x221/n/cw/ec/96401/marazzo-right-front-three-quarter-4.jpeg?q=80
57,Mahindra XUV500,https://imgd-ct.aeplcdn.com/393x221/n/cw/ec/130523/xuv400-right-front-three-quarter-2.jpeg?isig=0&q=80
58,Toyota Glanza,https://imgd-ct.aeplcdn.com/393x221/n/cw/ec/113027/glanza-facelift-right-front-three-quarter.jpeg?isig=0&q=80
59,Toyota Urban Cruiser Taisor,https://imgd-ct.aeplcdn.com/393x221/n/cw/ec/132561/taisor-right-front-three-quarter.png?isig=0&q=80
60,Toyota Rumion,https://imgd-ct.aeplcdn.com/393x221/n/cw/ec/106275/rumion-right-front-three-quarter-3.jpeg?isig=0&q=80
61,Toyota Urban Cruiser Hyryder,https://imgd-ct.aeplcdn.com/393x221/n/cw/ec/124093/urban-cruiser-hyryder-right-front-three-quarter.jpeg?isig=0&q=80
62,Toyota Innova Hycross,https://imgd-ct.aeplcdn.com/393x221/n/cw/ec/116205/innova-hycross-right-front-three-quarter-2.jpeg?isig=0&q=80
63,Toyota Innova Crysta,https://imgd-ct.aeplcdn.com/393x221/n/cw/ec/140833/innova-crysta-right-front-three-quarter.png?isig=0&q=80
64,Toyota Hilux,https://imgd-ct.aeplcdn.com/393x221/n/cw/ec/109329/hilux-right-front-three-quarter.jpeg?isig=0&q=80
65,Toyota Fortuner,https://imgd-ct.aeplcdn.com/393x221/n/cw/ec/44709/fortuner-exterior-right-front-three-quarter-19.jpeg?q=80
66,Toyota Fortuner Legender,https://imgd-ct.aeplcdn.com/393x221/n/cw/ec/137769/fortuner-legender-right-front-three-quarter-2.png?isig=0&q=80
67,Toyota Camry,https://imgd-ct.aeplcdn.com/393x221/n/cw/ec/111013/camry-right-front-three-quarter.jpeg?isig=0&q=80
68,Toyota Vellfire,https://imgd-ct.aeplcdn.com/393x221/n/cw/ec/154489/vellfire-right-front-three-quarter.jpeg?isig=0&q=80
69,Toyota Land Cruiser,https://imgd-ct.aeplcdn.com/393x221/n/cw/ec/139791/land-cruiser-right-front-three-quarter.jpeg?isig=0&q=80
70,Kia Sonet,https://imgd-ct.aeplcdn.com/393x221/n/cw/ec/174425/sonet-right-front-three-quarter-2.jpeg?isig=0&q=80
71,Kia Carens,https://imgd-ct.aeplcdn.com/393x221/n/cw/ec/174327/carens-right-front-three-quarter-2.jpeg?isig=0&q=80
72,Kia Seltos,https://imgd-ct.aeplcdn.com/393x221/n/cw/ec/174329/seltos-right-front-three-quarter.jpeg?isig=0&q=80
73,Kia EV6,https://imgd-ct.aeplcdn.com/393x221/n/cw/ec/115023/ev6-right-front-three-quarter.jpeg?isig=0&q=80
74,MG Comet EV,https://imgd-ct.aeplcdn.com/393x221/n/cw/ec/125229/comet-ev-right-front-three-quarter.jpeg?isig=0&q=80
75,MG Astor,https://imgd-ct.aeplcdn.com/393x221/n/cw/ec/103827/astor-right-front-three-quarter-2.jpeg?isig=0&q=80
76,MG Hector,https://imgd-ct.aeplcdn.com/393x221/n/cw/ec/130639/hector-right-front-three-quarter-3.jpeg?isig=0&q=80
77,MG Hector Plus,https://imgd-ct.aeplcdn.com/393x221/n/cw/ec/139325/hector-plus-right-front-three-quarter.jpeg?isig=0&q=80
78,MG ZS EV,https://imgd-ct.aeplcdn.com/393x221/n/cw/ec/111007/zs-ev-right-front-three-quarter-2.jpeg?isig=0&q=80
79,MG Gloster,https://imgd-ct.aeplcdn.com/393x221/n/cw/ec/129905/gloster-right-front-three-quarter.jpeg?isig=0&q=80
80,Nissan Magnite,https://imgd-ct.aeplcdn.com/393x221/n/cw/ec/107919/magnite-right-front-three-quarter.jpeg?isig=0&q=80
81,Nissan X-Trail,https://imgd-ct.aeplcdn.com/393x221/n/cw/ec/133203/x-trail-right-front-three-quarter-2.jpeg?isig=0&q=80
82,Renault Kwid,https://imgd-ct.aeplcdn.com/393x221/n/cw/ec/141149/kwid-right-front-three-quarter.png?isig=0&q=80
83,Renault Triber,https://imgd-ct.aeplcdn.com/393x221/n/cw/ec/141145/triber-right-front-three-quarter-2.jpeg?isig=0&q=80
84,Renault Kiger,https://imgd-ct.aeplcdn.com/393x221/n/cw/ec/141859/kiger-right-front-three-quarter-2.jpeg?isig=0&q=80
85,BMW 2 Series Gran Coupe,https://imgd-ct.aeplcdn.com/393x221/n/cw/ec/48034/2-series-gran-coupe-exterior-right-front-three-quarter.jpeg?q=80
86,BMW X1,https://imgd-ct.aeplcdn.com/393x221/n/cw/ec/140711/new-x1-right-front-three-quarter-3.jpeg?isig=0&q=80
87,BMW 3 Series Gran Limousine,https://imgd-ct.aeplcdn.com/393x221/n/cw/ec/139179/3-series-gran-limousine-right-front-three-quarter.jpeg?isig=0&q=80
88,BMW iX1,https://imgd-ct.aeplcdn.com/393x221/n/cw/ec/140713/ix1-right-front-three-quarter-2.jpeg?isig=0&q=80
89,BMW X3,https://imgd-ct.aeplcdn.com/393x221/n/cw/ec/111011/x3-right-front-three-quarter.jpeg?isig=0&q=80
90,BMW i4,https://imgd-ct.aeplcdn.com/393x221/n/cw/ec/109343/i4-right-front-three-quarter.jpeg?isig=0&q=80
91,BMW M340i,https://imgd-ct.aeplcdn.com/393x221/n/cw/ec/135703/m340i-right-front-three-quarter-2.jpeg?isig=0&q=80
92,BMW 5 Series,https://imgd-ct.aeplcdn.com/393x221/n/cw/ec/175185/new-5-series-right-front-three-quarter.jpeg?isig=0&q=80
93,BMW 6 Series GT,https://imgd-ct.aeplcdn.com/393x221/n/cw/ec/56433/exterior-right-front-three-quarter.jpeg?q=80
94,BMW X3 M40i,https://imgd-ct.aeplcdn.com/393x221/n/cw/ec/146757/x3-m40i-right-front-three-quarter.jpeg?isig=0&q=80
95,BMW Z4,https://imgd-ct.aeplcdn.com/393x221/n/cw/ec/149083/z4-right-front-three-quarter-2.jpeg?isig=0&q=80
96,BMW X4 M40i,https://imgd-ct.aeplcdn.com/393x221/n/cw/ec/163343/x4-right-front-three-quarter.jpeg?isig=0&q=80
97,BMW X5,https://imgd-ct.aeplcdn.com/393x221/n/cw/ec/152767/x5-facelift-right-front-three-quarter-2.jpeg?isig=0&q=80
98,BMW M2,https://imgd-ct.aeplcdn.com/393x221/n/cw/ec/150123/m2-right-front-three-quarter-2.jpeg?isig=0&q=80
99,BMW i5,https://imgd-ct.aeplcdn.com/393x221/n/cw/ec/174359/i5-right-front-three-quarter-2.jpeg?isig=0&q=80
100,BMW iX,https://imgd-ct.aeplcdn.com/393x221/n/cw/ec/108653/ix-right-front-three-quarter-2.jpeg?isig=0&q=80
101,BMW X7,https://imgd-ct.aeplcdn.com/393x221/n/cw/ec/136221/x7-right-front-three-quarter.jpeg?isig=0&q=80
102,BMW M4 Competition,https://imgd-ct.aeplcdn.com/393x221/n/cw/ec/176131/m4-competition-right-front-three-quarter.jpeg?isig=0&q=80
103,BMW 7 Series,https://imgd-ct.aeplcdn.com/393x221/n/cw/ec/132517/7-series-right-front-three-quarter-2.jpeg?isig=0&q=80
104,BMW i7,https://imgd-ct.aeplcdn.com/393x221/n/cw/ec/137953/i7-right-front-three-quarter-2.jpeg?isig=0&q=80
105,BMW M8,https://imgd-ct.aeplcdn.com/393x221/n/cw/ec/47278/bmw-m8-right-front-three-quarter16.jpeg?q=80
106,BMW XM,https://imgd-ct.aeplcdn.com/393x221/n/cw/ec/135691/xm-right-front-three-quarter-2.jpeg?isig=0&q=80
107,Audi Q3,https://imgd-ct.aeplcdn.com/393x221/n/cw/ec/129907/q3-right-front-three-quarter.jpeg?isig=0&q=80
108,Audi A4,https://imgd-ct.aeplcdn.com/393x221/n/cw/ec/51909/a4-exterior-right-front-three-quarter-2.jpeg?q=80
109,Audi Q3 Sportback,https://imgd-ct.aeplcdn.com/393x221/n/cw/ec/141385/q3-sportback-right-front-three-quarter.jpeg?isig=0&q=80
110,Audi A6,https://imgd-ct.aeplcdn.com/393x221/n/cw/ec/39472/a6-exterior-right-front-three-quarter.jpeg?q=80
111,Audi Q5,https://imgd-ct.aeplcdn.com/393x221/n/cw/ec/107757/q5-facelift-right-front-three-quarter-2.jpeg?isig=0&q=80
112,Audi S5 Sportback,https://imgd-ct.aeplcdn.com/393x221/n/cw/ec/51378/s5-sportback-exterior-right-front-three-quarter-5.jpeg?q=80
113,Audi Q7,https://imgd-ct.aeplcdn.com/393x221/n/cw/ec/94931/q7-right-front-three-quarter.jpeg?isig=0&q=80
114,Audi e-tron,https://imgd-ct.aeplcdn.com/393x221/n/cw/ec/39048/e-tron-exterior-right-front-three-quarter-2.jpeg?isig=0&q=80
115,Audi Q8,https://imgd-ct.aeplcdn.com/393x221/n/cw/ec/34470/audi-q8-front-view4.jpeg?q=80
116,Audi RS5,https://imgd-ct.aeplcdn.com/393x221/n/cw/ec/100073/rs5-exterior-right-front-three-quarter-2.jpeg?isig=0&q=80
117,Audi Q8 e-tron,https://imgd-ct.aeplcdn.com/393x221/n/cw/ec/152985/q8-e-tron-right-front-three-quarter-2.jpeg?isig=0&q=80
118,Audi Q8 Sportback e-tron,https://imgd-ct.aeplcdn.com/393x221/n/cw/ec/153807/q8-e-tron-sportback-right-front-three-quarter.jpeg?isig=0&q=80
119,Audi e-tron Sportback,https://imgd-ct.aeplcdn.com/393x221/n/cw/ec/39045/e-tron-sportback-exterior-right-front-three-quarter-2.jpeg?isig=0&q=80
120,Audi A8 L,https://imgd-ct.aeplcdn.com/393x221/n/cw/ec/124251/a8-l-2022-right-front-three-quarter-2.jpeg?isig=0&q=80
121,Audi e-tron GT,https://imgd-ct.aeplcdn.com/393x221/n/cw/ec/47073/e-tron-gt-exterior-right-front-three-quarter-2.jpeg?isig=0&q=80
122,Audi RS Q8,https://imgd-ct.aeplcdn.com/393x221/n/cw/ec/49294/rs-q8-exterior-right-front-three-quarter-5.jpeg?q=80
123,Mercedes-Benz AMG GLC43 Coupe,https://imgd-ct.aeplcdn.com/393x221/n/cw/ec/182397/glc-43-amg-coupe-right-front-three-quarter.jpeg?isig=0&q=80
124,Mercedes-Benz CLE cabriolet,https://imgd-ct.aeplcdn.com/393x221/n/cw/ec/182383/cle-cabriolet-right-front-three-quarter.jpeg?isig=0&q=80
125,Mercedes-Benz A-Class Limousine,https://imgd-ct.aeplcdn.com/393x221/n/cw/ec/149537/a-class-limousine-right-front-three-quarter-2.jpeg?isig=0&q=80
126,Mercedes-Benz GLA,https://imgd-ct.aeplcdn.com/393x221/n/cw/ec/169161/gla-facelift-right-front-three-quarter-2.jpeg?isig=0&q=80
127,Mercedes-Benz AMG A35,https://imgd-ct.aeplcdn.com/393x221/n/cw/ec/109163/amg-a35-right-front-three-quarter-2.jpeg?isig=0&q=80
128,Mercedes-Benz C-Class,https://imgd-ct.aeplcdn.com/393x221/n/cw/ec/178537/c-class-right-side-view.jpeg?isig=0&q=80
129,Mercedes-Benz AMG GLA35,https://imgd-ct.aeplcdn.com/393x221/n/cw/ec/94279/amg-gla35-exterior-right-front-three-quarter.jpeg?q=80
130,Mercedes-Benz GLB,https://imgd-ct.aeplcdn.com/393x221/n/cw/ec/134364/glb-right-front-three-quarter-2.jpeg?isig=0&q=80
131,Mercedes-Benz EQA,https://imgd-ct.aeplcdn.com/393x221/n/cw/ec/178801/eqa-right-front-three-quarter.jpeg?isig=0&q=80
132,Mercedes-Benz EQB,https://imgd-ct.aeplcdn.com/393x221/n/cw/ec/108503/right-front-three-quarter.jpeg?isig=0&q=80
133,Mercedes-Benz GLC Coupe,https://imgd-ct.aeplcdn.com/393x221/n/cw/ec/45477/mercedesbenz-glc-coupe-right-front-three-quarter1.jpeg?q=80
134,Mercedes-Benz GLC,https://imgd-ct.aeplcdn.com/393x221/n/cw/ec/178527/glc-right-front-three-quarter.jpeg?isig=0&q=80
135,Mercedes-Benz E-Class,https://imgd-ct.aeplcdn.com/393x221/n/cw/ec/47336/e-class-exterior-right-front-three-quarter.jpeg?q=80
136,Mercedes-Benz AMG A45 S,https://imgd-ct.aeplcdn.com/393x221/n/cw/ec/149541/amg-a45-s-right-front-three-quarter-2.jpeg?isig=0&q=80
137,Mercedes-Benz GLE,https://imgd-ct.aeplcdn.com/393x221/n/cw/ec/163433/gle-facelift-right-front-three-quarter-2.jpeg?isig=0&q=80
138,Mercedes-Benz AMG C 43,https://imgd-ct.aeplcdn.com/393x221/n/cw/ec/163431/amg-c-43-right-front-three-quarter.jpeg?isig=0&q=80
139,Mercedes-Benz AMG E53,https://imgd-ct.aeplcdn.com/393x221/n/cw/ec/98397/amg-e53-exterior-right-front-three-quarter-2.jpeg?q=80
140,Mercedes-Benz AMG E53 Cabriolet,https://imgd-ct.aeplcdn.com/393x221/n/cw/ec/138963/amg-e53-cabriolet-right-front-three-quarter.jpeg?isig=0&q=80
141,Mercedes-Benz GLS,https://imgd-ct.aeplcdn.com/393x221/n/cw/ec/167375/gls-facelift-right-front-three-quarter-2.jpeg?isig=0&q=80
142,Mercedes-Benz EQE SUV,https://imgd-ct.aeplcdn.com/393x221/n/cw/ec/108533/eqe-right-front-three-quarter.jpeg?isig=0&q=80
143,Mercedes-Benz EQS,https://imgd-ct.aeplcdn.com/393x221/n/cw/ec/131257/eqs-580-4matic-right-front-three-quarter-2.jpeg?isig=0&q=80
144,Mercedes-Benz AMG GLE Coupe,https://imgd-ct.aeplcdn.com/393x221/n/cw/ec/169189/amg-gle-coupe-right-front-three-quarter.jpeg?isig=0&q=80
145,Mercedes-Benz S-Class,https://imgd-ct.aeplcdn.com/393x221/n/cw/ec/48067/s-class-exterior-right-front-three-quarter-3.jpeg?q=80
146,Mercedes-Benz AMG E63,https://imgd-ct.aeplcdn.com/393x221/n/cw/ec/98399/amg-e63-exterior-right-front-three-quarter-2.jpeg?q=80
147,Mercedes-Benz AMG SL55 Roadster,https://imgd-ct.aeplcdn.com/393x221/n/cw/ec/148923/amg-sl55-roadster-right-front-three-quarter-3.jpeg?isig=0&q=80
148,Mercedes-Benz AMG EQS,https://imgd-ct.aeplcdn.com/393x221/n/cw/ec/108739/amg-eqs-right-front-three-quarter-2.jpeg?isig=0&q=80
149,Mercedes-Benz G-Class,https://imgd-ct.aeplcdn.com/393x221/n/cw/ec/150623/g-class-right-front-three-quarter-2.jpeg?isig=0&q=80
150,Mercedes-Benz AMG GT 63 S 4MATIC Plus,https://imgd-ct.aeplcdn.com/393x221/n/cw/ec/45126/mercedesbenz-amg-gt-4-door-coupe-right-side0.jpeg?q=80
151,Mercedes-Benz Maybach S-Class,https://imgd-ct.aeplcdn.com/393x221/n/cw/ec/115155/maybach-s-class-right-front-three-quarter-2.jpeg?isig=0&q=80
152,Mercedes-Benz AMG GT 63 S E Performance,https://imgd-ct.aeplcdn.com/393x221/n/cw/ec/145979/amg-gt-63-s-e-performance-right-front-three-quarter-3.jpeg?isig=0&q=80
153,Mercedes-Benz AMG S 63 E Performance,https://imgd-ct.aeplcdn.com/393x221/n/cw/ec/177547/amg-s-63-e-performance-right-front-three-quarter-2.jpeg?isig=0&q=80
154,Mercedes-Benz Maybach GLS,https://imgd-ct.aeplcdn.com/393x221/n/cw/ec/177533/maybach-gls-right-front-three-quarter.jpeg?isig=0&q=80
155,Jeep Compass,https://imgd-ct.aeplcdn.com/393x221/n/cw/ec/123203/compass-right-front-three-quarter-2.jpeg?isig=0&q=80
156,Jeep Meridian,https://imgd-ct.aeplcdn.com/393x221/n/cw/ec/115067/meridian-right-front-three-quarter-3.jpeg?isig=0&q=80
157,Jeep Wrangler,https://imgd-ct.aeplcdn.com/393x221/n/cw/ec/174977/wrangler-facelift-right-front-three-quarter.jpeg?isig=0&q=80
158,Jeep Grand Cherokee,https://imgd-ct.aeplcdn.com/393x221/n/cw/ec/132855/grand-cherokee-right-front-three-quarter.jpeg?isig=0&q=80
159,Volkswagen Virtus,https://imgd-ct.aeplcdn.com/393x221/n/cw/ec/144685/virtus-right-front-three-quarter.jpeg?isig=0&q=80
160,Volkswagen Taigun,https://imgd-ct.aeplcdn.com/393x221/n/cw/ec/144691/taigun-right-front-three-quarter.jpeg?isig=0&q=80
161,Volkswagen Tiguan,https://imgd-ct.aeplcdn.com/393x221/n/cw/ec/107763/tiguan-right-front-three-quarter.jpeg?isig=0&q=80
162,Skoda Slavia,https://imgd-ct.aeplcdn.com/393x221/n/cw/ec/175957/slavia-right-front-three-quarter.jpeg?isig=0&q=80
163,Skoda Kushaq,https://imgd-ct.aeplcdn.com/393x221/n/cw/ec/175995/kushaq-right-front-three-quarter.jpeg?isig=0&q=80
164,Skoda Kodiaq,https://imgd-ct.aeplcdn.com/393x221/n/cw/ec/110299/kodiaq-right-front-three-quarter.jpeg?isig=0&q=80
165,Skoda Superb,https://imgd-ct.aeplcdn.com/393x221/n/cw/ec/158943/superb-right-front-three-quarter.png?isig=0&q=80
166,Volvo XC40 Recharge,https://imgd-ct.aeplcdn.com/393x221/n/cw/ec/98305/xc40-recharge-right-front-three-quarter.jpeg?isig=0&q=80
167,Volvo C40 Recharge,https://imgd-ct.aeplcdn.com/393x221/n/cw/ec/150649/c40-recharge-right-front-three-quarter.jpeg?isig=0&q=80
168,Volvo S90,https://imgd-ct.aeplcdn.com/393x221/n/cw/ec/131147/s90-right-front-three-quarter-2.jpeg?isig=0&q=80
169,Volvo XC60,https://imgd-ct.aeplcdn.com/393x221/n/cw/ec/131137/xc60-right-front-three-quarter-2.jpeg?isig=0&q=80
170,Volvo XC90,https://imgd-ct.aeplcdn.com/393x221/n/cw/ec/131139/xc90-right-front-three-quarter-2.jpeg?isig=0&q=80
171,Lexus ES,https://imgd-ct.aeplcdn.com/393x221/n/cw/ec/182769/es-right-front-three-quarter.jpeg?isig=0&q=80
172,Lexus NX,https://imgd-ct.aeplcdn.com/393x221/n/cw/ec/113025/nx-2022-right-front-three-quarter-2.jpeg?isig=0&q=80
173,Lexus RX,https://imgd-ct.aeplcdn.com/393x221/n/cw/ec/139471/rx-right-front-three-quarter-2.jpeg?isig=0&q=80
174,Lexus LM,https://imgd-ct.aeplcdn.com/393x221/n/cw/ec/156053/lm-right-front-three-quarter.jpeg?isig=0&q=80
175,Lexus LX,https://imgd-ct.aeplcdn.com/393x221/n/cw/ec/138195/lx-right-front-three-quarter.jpeg?isig=0&q=80
176,Jaguar F-Pace,https://imgd-ct.aeplcdn.com/393x221/n/cw/ec/56265/f-pace-exterior-right-front-three-quarter-2.jpeg?q=80
177,Jaguar I-Pace,https://imgd-ct.aeplcdn.com/393x221/n/cw/ec/39480/i-pace-exterior-right-front-three-quarter.jpeg?q=80
178,Porsche Macan,https://imgd-ct.aeplcdn.com/393x221/n/cw/ec/99425/macan-right-front-three-quarter-2.jpeg?isig=0&q=80
179,Porsche Cayenne,https://imgd-ct.aeplcdn.com/393x221/cw/ec/32951/Porsche-Cayenne-Exterior-138359.jpg?wm=0&q=80
180,Porsche Cayenne Coupe,https://imgd-ct.aeplcdn.com/393x221/n/cw/ec/43728/porsche-cayenne-coupe-exterior-3.jpeg?q=80
181,Porsche 718,https://imgd-ct.aeplcdn.com/393x221/n/cw/ec/24421/718-exterior-right-front-three-quarter-90910.jpeg?q=80
182,Porsche Taycan,https://imgd-ct.aeplcdn.com/393x221/n/cw/ec/107257/taycan-right-front-three-quarter-2.jpeg?isig=0&q=80
183,Porsche Macan Turbo EV,https://imgd-ct.aeplcdn.com/393x221/n/cw/ec/169991/macan-turbo-ev-right-front-three-quarter.jpeg?isig=0&q=80
184,Porsche Panamera,https://imgd-ct.aeplcdn.com/393x221/n/cw/ec/165659/panamera-right-front-three-quarter.jpeg?isig=0&q=80
185,Porsche Taycan Cross Turismo,https://imgd-ct.aeplcdn.com/393x221/n/cw/ec/108045/right-front-three-quarter-11.jpeg?isig=0&q=80
186,Porsche 911,https://imgd-ct.aeplcdn.com/393x221/cw/ec/39232/Porsche-992-911-Right-Front-Three-Quarter-154380.jpg?wm=0&q=80
187,Citroen Basalt,https://imgd-ct.aeplcdn.com/393x221/n/cw/ec/163877/basalt-right-front-three-quarter-2.jpeg?isig=0&q=80
188,Citroen C3,https://imgd-ct.aeplcdn.com/393x221/n/cw/ec/103823/c3-right-front-three-quarter-2.jpeg?isig=0&q=80
189,Citroen C3 Aircross,https://imgd-ct.aeplcdn.com/393x221/n/cw/ec/142397/c3-aircross-right-front-three-quarter-2.jpeg?isig=0&q=80
190,Citroen eC3,https://imgd-ct.aeplcdn.com/393x221/n/cw/ec/132789/e-c3-right-front-three-quarter-2.jpeg?isig=0&q=80
191,Citroen C5 Aircross,https://imgd-ct.aeplcdn.com/393x221/n/cw/ec/129913/2022-c5-aircross-right-front-three-quarter-3.jpeg?isig=0&q=80
